id;node_id;performer_email;status;started_at;finished_at
1;28358;inasmuch perfectly;22689;2026-04-11T04:20:53;2026-04-10T07:04:44
2;4705;optimistic successfully;22313;2026-04-10T16:23:16;2026-04-10T12:44:03
3;22482;merrily;10008;2026-04-10T19:26:21;2026-04-11T04:45:55
4;26058;once thigh dismal;22981;2026-04-11T05:07:49;2026-04-11T00:02:27
5;8369;even underneath arraign;23299;2026-04-10T17:12:08;2026-04-11T02:28:46
6;5570;consequently suddenly yowza;35;2026-04-11T02:52:13;2026-04-11T03:06:34
7;8214;anenst subexpression yippee;28247;2026-04-10T15:40:52;2026-04-10T10:54:23
8;24994;provided wholly annual;25248;2026-04-10T13:04:03;2026-04-11T00:29:48
9;18857;till;16329;2026-04-10T20:06:57;2026-04-10T20:47:30
10;30654;bogus usefully;18648;2026-04-11T06:23:59;2026-04-10T19:57:08
